,en,de,fr,es,pl,da,tr,zh,mixed,unknown
english,88.75,5.0,0.0,0.0,0.0,0.0,0.0,0.0,0.0,6.25
german,3.75,1.25,0.0,0.0,0.0,0.0,0.0,0.0,0.0,95.0
french,7.5,0.0,90.0,0.0,0.0,0.0,0.0,1.25,0.0,1.25
spanish,27.500000000000004,0.0,0.0,67.5,0.0,0.0,0.0,1.25,3.75,0.0
polish,22.5,1.25,0.0,0.0,3.75,0.0,0.0,2.5,0.0,70.0
danish,40.0,0.0,0.0,0.0,0.0,16.25,0.0,12.5,2.5,28.749999999999996
turkish,21.25,0.0,0.0,0.0,0.0,0.0,71.25,2.5,3.75,1.25
