,en,de,fr,es,pl,da,tr,zh,mixed,unknown
english,98.75,0.0,0.0,0.0,0.0,0.0,0.0,0.0,0.0,1.25
german,10.0,83.75,0.0,0.0,0.0,0.0,0.0,5.0,1.25,0.0
french,41.25,0.0,50.0,0.0,0.0,0.0,0.0,6.25,1.25,1.25
spanish,5.0,0.0,0.0,90.0,0.0,0.0,0.0,2.5,2.5,0.0
polish,28.749999999999996,0.0,0.0,0.0,55.00000000000001,0.0,0.0,8.75,7.5,0.0
danish,81.25,0.0,0.0,0.0,0.0,18.75,0.0,0.0,0.0,0.0
turkish,13.750000000000002,0.0,0.0,0.0,0.0,0.0,72.5,10.0,2.5,1.25
