,en,de,fr,es,pl,da,tr,zh,mixed,unknown
english,100.0,0.0,0.0,0.0,0.0,0.0,0.0,0.0,0.0,0.0
german,85.0,13.750000000000002,0.0,0.0,0.0,0.0,0.0,1.25,0.0,0.0
french,43.75,0.0,53.75,0.0,0.0,0.0,0.0,1.25,1.25,0.0
spanish,71.25,0.0,0.0,27.500000000000004,0.0,0.0,0.0,0.0,1.25,0.0
polish,77.5,0.0,0.0,0.0,16.25,0.0,0.0,2.5,3.75,0.0
danish,97.5,0.0,0.0,0.0,0.0,2.5,0.0,0.0,0.0,0.0
turkish,16.25,0.0,0.0,0.0,0.0,0.0,71.25,8.75,2.5,1.25
